begin;

-- Seed data for testing the supermarket app after running new_supabase_schema.sql.
-- Products are owned by trader_id: 0e503eec-1fb6-434a-a9c0-5b1b36acd023
-- Images are intentionally empty so you can update them later from the app.

insert into public.users (
  id,
  name,
  email,
  phone,
  password,
  governorate,
  city,
  role,
  location,
  image,
  "isBlocked"
)
values (
  '0e503eec-1fb6-434a-a9c0-5b1b36acd023',
  'تاجر سوبر ماركت',
  'trader@marketly.local',
  '01011112222',
  'Trader@123456',
  'القاهرة',
  'القاهرة',
  'trader',
  'فرع القاهرة الرئيسي',
  '',
  false
)
on conflict (id) do update
set
  name = excluded.name,
  email = excluded.email,
  phone = excluded.phone,
  role = excluded.role,
  "isBlocked" = false;

insert into public.categories (id, name, img)
values
  ('10000000-0000-4000-8000-000000000001', 'ألبان وبيض', ''),
  ('10000000-0000-4000-8000-000000000002', 'بقالة جافة', ''),
  ('10000000-0000-4000-8000-000000000003', 'مشروبات', ''),
  ('10000000-0000-4000-8000-000000000004', 'معلبات', ''),
  ('10000000-0000-4000-8000-000000000005', 'منظفات', ''),
  ('10000000-0000-4000-8000-000000000006', 'عناية شخصية', '')
on conflict (id) do update
set
  name = excluded.name,
  img = excluded.img;

insert into public.units (id, name)
values
  ('20000000-0000-4000-8000-000000000001', 'قطعة'),
  ('20000000-0000-4000-8000-000000000002', 'كيس'),
  ('20000000-0000-4000-8000-000000000003', 'زجاجة'),
  ('20000000-0000-4000-8000-000000000004', 'عبوة'),
  ('20000000-0000-4000-8000-000000000005', 'كيلو'),
  ('20000000-0000-4000-8000-000000000006', 'كرتونة')
on conflict (id) do update
set name = excluded.name;

insert into public.companies (id, name, image)
values
  ('30000000-0000-4000-8000-000000000001', 'جهينة', ''),
  ('30000000-0000-4000-8000-000000000002', 'دومتي', ''),
  ('30000000-0000-4000-8000-000000000003', 'الضحى', ''),
  ('30000000-0000-4000-8000-000000000004', 'بيبسيكو', ''),
  ('30000000-0000-4000-8000-000000000005', 'نستله', ''),
  ('30000000-0000-4000-8000-000000000006', 'أريال', ''),
  ('30000000-0000-4000-8000-000000000007', 'بريزيدون', '')
on conflict (id) do update
set
  name = excluded.name,
  image = excluded.image;

insert into public.products (
  id,
  name,
  description,
  traderprice,
  "endPrice",
  "onSale",
  sale,
  category_id,
  trader_id,
  company_id,
  unit,
  quantity_per_unit,
  image,
  state,
  publish
)
values
  (
    '40000000-0000-4000-8000-000000000001',
    'لبن جهينة كامل الدسم 1 لتر',
    'لبن كامل الدسم مناسب للاستخدام اليومي',
    38,
    38,
    false,
    0,
    '10000000-0000-4000-8000-000000000001',
    '0e503eec-1fb6-434a-a9c0-5b1b36acd023',
    '30000000-0000-4000-8000-000000000001',
    'عبوة',
    12,
    '',
    true,
    true
  ),
  (
    '40000000-0000-4000-8000-000000000002',
    'جبنة دومتي فيتا 500 جم',
    'جبنة فيتا بيضاء للساندوتشات والفطار',
    55,
    49,
    true,
    11,
    '10000000-0000-4000-8000-000000000001',
    '0e503eec-1fb6-434a-a9c0-5b1b36acd023',
    '30000000-0000-4000-8000-000000000002',
    'عبوة',
    6,
    '',
    true,
    true
  ),
  (
    '40000000-0000-4000-8000-000000000003',
    'زبادي جهينة طبيعي',
    'زبادي طبيعي طازج حجم فردي',
    8,
    8,
    false,
    0,
    '10000000-0000-4000-8000-000000000001',
    '0e503eec-1fb6-434a-a9c0-5b1b36acd023',
    '30000000-0000-4000-8000-000000000001',
    'قطعة',
    24,
    '',
    true,
    true
  ),
  (
    '40000000-0000-4000-8000-000000000004',
    'أرز مصري الضحى 1 كيلو',
    'أرز مصري أبيض درجة أولى',
    35,
    35,
    false,
    0,
    '10000000-0000-4000-8000-000000000002',
    '0e503eec-1fb6-434a-a9c0-5b1b36acd023',
    '30000000-0000-4000-8000-000000000003',
    'كيس',
    10,
    '',
    true,
    true
  ),
  (
    '40000000-0000-4000-8000-000000000005',
    'سكر أبيض 1 كيلو',
    'سكر أبيض ناعم مناسب للمشروبات والحلويات',
    32,
    30,
    true,
    6,
    '10000000-0000-4000-8000-000000000002',
    '0e503eec-1fb6-434a-a9c0-5b1b36acd023',
    '30000000-0000-4000-8000-000000000003',
    'كيس',
    10,
    '',
    true,
    true
  ),
  (
    '40000000-0000-4000-8000-000000000006',
    'مكرونة قلم 400 جم',
    'مكرونة قلم خفيفة وسريعة التحضير',
    18,
    18,
    false,
    0,
    '10000000-0000-4000-8000-000000000002',
    '0e503eec-1fb6-434a-a9c0-5b1b36acd023',
    '30000000-0000-4000-8000-000000000003',
    'كيس',
    20,
    '',
    true,
    true
  ),
  (
    '40000000-0000-4000-8000-000000000007',
    'زيت ذرة 1 لتر',
    'زيت ذرة نقي مناسب للقلي والطبخ',
    85,
    79,
    true,
    7,
    '10000000-0000-4000-8000-000000000002',
    '0e503eec-1fb6-434a-a9c0-5b1b36acd023',
    '30000000-0000-4000-8000-000000000003',
    'زجاجة',
    12,
    '',
    true,
    true
  ),
  (
    '40000000-0000-4000-8000-000000000008',
    'شاي ناعم 250 جم',
    'شاي أسود ناعم بطعم قوي',
    65,
    65,
    false,
    0,
    '10000000-0000-4000-8000-000000000002',
    '0e503eec-1fb6-434a-a9c0-5b1b36acd023',
    '30000000-0000-4000-8000-000000000005',
    'عبوة',
    12,
    '',
    true,
    true
  ),
  (
    '40000000-0000-4000-8000-000000000009',
    'مياه معدنية 1.5 لتر',
    'زجاجة مياه معدنية كبيرة',
    10,
    10,
    false,
    0,
    '10000000-0000-4000-8000-000000000003',
    '0e503eec-1fb6-434a-a9c0-5b1b36acd023',
    '30000000-0000-4000-8000-000000000005',
    'زجاجة',
    12,
    '',
    true,
    true
  ),
  (
    '40000000-0000-4000-8000-000000000010',
    'بيبسي كانز 330 مل',
    'مشروب غازي كانز حجم فردي',
    18,
    18,
    false,
    0,
    '10000000-0000-4000-8000-000000000003',
    '0e503eec-1fb6-434a-a9c0-5b1b36acd023',
    '30000000-0000-4000-8000-000000000004',
    'قطعة',
    24,
    '',
    true,
    true
  ),
  (
    '40000000-0000-4000-8000-000000000011',
    'تونة قطع 185 جم',
    'علبة تونة قطع في زيت نباتي',
    58,
    55,
    true,
    5,
    '10000000-0000-4000-8000-000000000004',
    '0e503eec-1fb6-434a-a9c0-5b1b36acd023',
    '30000000-0000-4000-8000-000000000005',
    'عبوة',
    12,
    '',
    true,
    true
  ),
  (
    '40000000-0000-4000-8000-000000000012',
    'فول مدمس 400 جم',
    'علبة فول مدمس جاهز للتقديم',
    22,
    22,
    false,
    0,
    '10000000-0000-4000-8000-000000000004',
    '0e503eec-1fb6-434a-a9c0-5b1b36acd023',
    '30000000-0000-4000-8000-000000000005',
    'عبوة',
    24,
    '',
    true,
    true
  ),
  (
    '40000000-0000-4000-8000-000000000013',
    'مسحوق غسيل أريال 2.5 كيلو',
    'مسحوق غسيل أوتوماتيك برائحة منعشة',
    180,
    165,
    true,
    8,
    '10000000-0000-4000-8000-000000000005',
    '0e503eec-1fb6-434a-a9c0-5b1b36acd023',
    '30000000-0000-4000-8000-000000000006',
    'كيس',
    4,
    '',
    true,
    true
  ),
  (
    '40000000-0000-4000-8000-000000000014',
    'مناديل ورقية 550 منديل',
    'مناديل ورقية ناعمة للاستخدام اليومي',
    45,
    45,
    false,
    0,
    '10000000-0000-4000-8000-000000000005',
    '0e503eec-1fb6-434a-a9c0-5b1b36acd023',
    '30000000-0000-4000-8000-000000000007',
    'عبوة',
    10,
    '',
    true,
    true
  ),
  (
    '40000000-0000-4000-8000-000000000015',
    'شامبو عائلي 600 مل',
    'شامبو مناسب للاستخدام العائلي اليومي',
    95,
    89,
    true,
    6,
    '10000000-0000-4000-8000-000000000006',
    '0e503eec-1fb6-434a-a9c0-5b1b36acd023',
    '30000000-0000-4000-8000-000000000005',
    'زجاجة',
    6,
    '',
    true,
    true
  )
on conflict (id) do update
set
  name = excluded.name,
  description = excluded.description,
  traderprice = excluded.traderprice,
  "endPrice" = excluded."endPrice",
  "onSale" = excluded."onSale",
  sale = excluded.sale,
  category_id = excluded.category_id,
  trader_id = excluded.trader_id,
  company_id = excluded.company_id,
  unit = excluded.unit,
  quantity_per_unit = excluded.quantity_per_unit,
  image = excluded.image,
  state = excluded.state,
  publish = excluded.publish;

commit;
